{
  "ScaleFree_asymptotic_experiments_4096_Uniform": {
    "io_dijkstra_simplified": [
      0.999900072269955,
      0.9999999911517595
    ],
    "io_bellman_full": [
      1.0966220028128595,
      0.9979769656770616
    ],
    "io_dj_to_bf_best_switch": [
      1.066832864114472,
      0.9967344585775273
    ],
    "io_hybrid_multi": [
      1.0454142364176682,
      0.9974887409763935
    ],
    "io_cost_landmark": [
      1.0401815945609207,
      0.8257042957772034
    ],
    "io_best_switches_overall": [
      1.0228625469683394,
      0.998250533166023
    ]
  },
  "Gnp_asymptotic_experiments_4096_Uniform": {
    "io_dijkstra_simplified": [
      0.9999290172895166,
      0.9999999956628497
    ],
    "io_bellman_full": [
      1.104777010578261,
      0.9996233858314595
    ],
    "io_dj_to_bf_best_switch": [
      1.053475990363848,
      0.9995694463107273
    ],
    "io_hybrid_multi": [
      1.025774610039223,
      0.9996936540114313
    ],
    "io_cost_landmark": [
      0.9753946801089434,
      0.9933078349193046
    ],
    "io_best_switches_overall": [
      1.0369715057259714,
      0.9994153012333234
    ]
  },
  "Barabasi_asymptotic_experiments_4096_Uniform": {
    "io_dijkstra_simplified": [
      0.999828184344987,
      0.9999999800690318
    ],
    "io_bellman_full": [
      1.2208270225104831,
      0.998867817541435
    ],
    "io_dj_to_bf_best_switch": [
      1.2200224108668687,
      0.9989791994816487
    ],
    "io_hybrid_multi": [
      1.1712320920085122,
      0.9988820026981766
    ],
    "io_cost_landmark": [
      1.0274894808554804,
      0.9923778048225546
    ],
    "io_best_switches_overall": [
      1.1121559988488536,
      0.9986707583142009
    ]
  },
  "Geometric_asymptotic_experiments_4096_Uniform": {
    "io_dijkstra_simplified": [
      0.9999290077747164,
      0.9999999956625002
    ],
    "io_bellman_full": [
      1.4831785171489178,
      0.9985331098226755
    ],
    "io_dj_to_bf_best_switch": [
      1.2536154321550694,
      0.9907136029414285
    ],
    "io_hybrid_multi": [
      1.3851883658753057,
      0.9918341940089282
    ],
    "io_cost_landmark": [
      1.3087596985913437,
      0.9970208529150352
    ],
    "io_best_switches_overall": [
      1.1763821544222348,
      0.9931907887481768
    ]
  },
  "ScaleFree_asymptotic_experiments_512_Exp": {
    "io_dijkstra_simplified": [
      0.999900072269955,
      0.9999999911517595
    ],
    "io_bellman_full": [
      1.1573389266533105,
      0.998116239120139
    ],
    "io_dj_to_bf_best_switch": [
      1.127522244735632,
      0.9987723019221613
    ],
    "io_hybrid_multi": [
      1.111524629791077,
      0.9976089404985095
    ],
    "io_cost_landmark": [
      1.124560597190748,
      0.9603961923967692
    ],
    "io_best_switches_overall": [
      1.0490217948862357,
      0.9995511525476926
    ]
  },
  "Gnp_asymptotic_experiments_512_Exp": {
    "io_dijkstra_simplified": [
      0.9999290172895166,
      0.9999999956628497
    ],
    "io_bellman_full": [
      1.101480787480125,
      0.9993391037133758
    ],
    "io_dj_to_bf_best_switch": [
      1.0563901083951444,
      0.9998017368960981
    ],
    "io_hybrid_multi": [
      1.0035436007656209,
      0.9995608945836235
    ],
    "io_cost_landmark": [
      1.0563106764273893,
      0.9995022788444837
    ],
    "io_best_switches_overall": [
      1.006618161151534,
      0.9999739659064759
    ]
  },
  "Barabasi_asymptotic_experiments_512_Exp": {
    "io_dijkstra_simplified": [
      0.999828184344987,
      0.9999999800690318
    ],
    "io_bellman_full": [
      1.2136710521006344,
      0.9988814223983458
    ],
    "io_dj_to_bf_best_switch": [
      1.0553731313717178,
      0.9976091093279441
    ],
    "io_hybrid_multi": [
      1.1120286699005233,
      0.998828244991406
    ],
    "io_cost_landmark": [
      1.1618651656398349,
      0.9987937158914303
    ],
    "io_best_switches_overall": [
      1.047185565405397,
      0.9997361095934617
    ]
  },
  "ScaleFree_asymptotic_experiments_512_Uniform": {
    "io_dijkstra_simplified": [
      0.999900072269955,
      0.9999999911517595
    ],
    "io_bellman_full": [
      1.1309859995360725,
      0.9984298237446474
    ],
    "io_dj_to_bf_best_switch": [
      1.121835990378991,
      0.999319891697981
    ],
    "io_hybrid_multi": [
      1.075181750279817,
      0.9986159378429986
    ],
    "io_cost_landmark": [
      1.0765695169183784,
      0.9633918002958433
    ],
    "io_best_switches_overall": [
      1.047225655338728,
      0.9996693519653211
    ]
  },
  "Gnp_asymptotic_experiments_512_Uniform": {
    "io_dijkstra_simplified": [
      0.9999290172895166,
      0.9999999956628497
    ],
    "io_bellman_full": [
      1.1073893817064835,
      0.999631482262369
    ],
    "io_dj_to_bf_best_switch": [
      1.0585209188615223,
      0.9997350688768895
    ],
    "io_hybrid_multi": [
      1.0054932547420998,
      0.9998274373215165
    ],
    "io_cost_landmark": [
      1.0573713513750658,
      0.9993407171409824
    ],
    "io_best_switches_overall": [
      1.007137053537009,
      0.9999578308870098
    ]
  },
  "Barabasi_asymptotic_experiments_512_Uniform": {
    "io_dijkstra_simplified": [
      0.999828184344987,
      0.9999999800690318
    ],
    "io_bellman_full": [
      1.2242161282897837,
      0.9990109250003757
    ],
    "io_dj_to_bf_best_switch": [
      1.071797076759561,
      0.9967635843820588
    ],
    "io_hybrid_multi": [
      1.1203820588758597,
      0.9989503323677332
    ],
    "io_cost_landmark": [
      1.1688510725632684,
      0.998840208864712
    ],
    "io_best_switches_overall": [
      1.0527077266125737,
      0.9997763189025312
    ]
  },
  "Geometric_asymptotic_experiments_512_Exp": {
    "io_dijkstra_simplified": [
      0.9999290077747164,
      0.9999999956625002
    ],
    "io_bellman_full": [
      1.4923360663894196,
      0.9984040118607945
    ],
    "io_dj_to_bf_best_switch": [
      1.0079717670233581,
      0.9996255054073395
    ],
    "io_hybrid_multi": [
      0.9408636285758513,
      0.9697413265538845
    ],
    "io_cost_landmark": [
      1.4480084234350874,
      0.9985611529509708
    ],
    "io_best_switches_overall": [
      1.0078419840744062,
      0.999613290862731
    ]
  },
  "ScaleFree_asymptotic_experiments_65536_Uniform": {
    "io_dijkstra_simplified": [
      0.999900072269955,
      0.9999999911517595
    ],
    "io_bellman_full": [
      0.8840846195480905,
      0.960833890044918
    ],
    "io_dj_to_bf_best_switch": [
      0.8332897320347894,
      0.958432214519235
    ],
    "io_hybrid_multi": [
      0.8518919239599546,
      0.9608615207114961
    ],
    "io_cost_landmark": [
      0.9854745293721011,
      0.5634297279798111
    ],
    "io_best_switches_overall": [
      0.7923480627898546,
      0.9562198967929125
    ]
  },
  "Gnp_asymptotic_experiments_65536_Uniform": {
    "io_dijkstra_simplified": [
      0.9999290172895166,
      0.9999999956628497
    ],
    "io_bellman_full": [
      1.0148760197423037,
      0.9903606572057214
    ],
    "io_dj_to_bf_best_switch": [
      0.9697701187925071,
      0.9900891375135924
    ],
    "io_hybrid_multi": [
      0.9781402203053419,
      0.991208657860622
    ],
    "io_cost_landmark": [
      0.9316443298425473,
      0.9853043268283993
    ],
    "io_best_switches_overall": [
      0.9762977160482188,
      0.9905348056067244
    ]
  },
  "Barabasi_asymptotic_experiments_65536_Uniform": {
    "io_dijkstra_simplified": [
      0.999828184344987,
      0.9999999800690318
    ],
    "io_bellman_full": [
      1.125166629980076,
      0.9900590758503574
    ],
    "io_dj_to_bf_best_switch": [
      1.1167122825936904,
      0.9892988177745361
    ],
    "io_hybrid_multi": [
      1.0977588187974099,
      0.9910603628083704
    ],
    "io_cost_landmark": [
      0.8370942808414147,
      0.9714109111709106
    ],